source,metric,kappa_bio,value,lower_95_ci,upper_95_ci,unit,provenance
paper_table_1,eta_base,0.02,0.41,0.38,0.44,dimensionless,transcribed_from_published_article
paper_table_1,eta_filtered,0.02,0.49,0.46,0.52,dimensionless,transcribed_from_published_article
paper_table_1,gain,0.02,19,,,percent,transcribed_from_published_article
paper_table_1,R_bio,0.02,0.83,,,dimensionless,transcribed_from_published_article
paper_table_1,eta_base,0.06,0.42,0.39,0.45,dimensionless,transcribed_from_published_article
paper_table_1,eta_filtered,0.06,0.55,0.52,0.58,dimensionless,transcribed_from_published_article
paper_table_1,gain,0.06,31,,,percent,transcribed_from_published_article
paper_table_1,R_bio,0.06,0.88,,,dimensionless,transcribed_from_published_article
paper_table_1,eta_base,0.10,0.44,0.41,0.47,dimensionless,transcribed_from_published_article
paper_table_1,eta_filtered,0.10,0.56,0.51,0.59,dimensionless,transcribed_from_published_article
paper_table_1,gain,0.10,27,,,percent,transcribed_from_published_article
paper_table_1,R_bio,0.10,0.85,,,dimensionless,transcribed_from_published_article
paper_text,mri_field_variance_reduction,,27,,,percent,transcribed_from_published_article
paper_text,mri_uniformity_baseline,,0.88,,,dimensionless,transcribed_from_published_article
paper_text,mri_uniformity_filtered,,0.94,0.92,0.96,dimensionless,transcribed_from_published_article
paper_text,prosthetic_efficiency_peak_gain,,31,,,percent,transcribed_from_published_article
